<datapower-configuration version="3">
  <export-details>
    <description>Exported Configuration</description>
    <user>admin</user>
    <domain>dp-extension</domain><comment/>
    <product-id>5725</product-id>
    <product>XG45</product>
    <display-product>XG45</display-product>
    <model>DataPower XG45</model>
    <display-model>DataPower XG45</display-model>
    <device-name>9.42.102.194:9090</device-name>
    <serial-number>0000000</serial-number>
    <firmware-version>XG45.6.0.0.15</firmware-version>
    <display-firmware-version>XG45.6.0.0.15</display-firmware-version>
    <firmware-build>262978</firmware-build>
    <firmware-timestamp>2015/06/12 11:56:03</firmware-timestamp>
    <current-date>2016-08-10</current-date>
    <current-time>08:01:41 EDT</current-time>
    <reset-date>2016-06-06</reset-date>
    <reset-time>12:11:20 EDT</reset-time><login-message/><custom-ui-file/></export-details>
  <interface-data><interface ip-addr="9.42.102.194" name="eth0"/></interface-data>
  <configuration domain="dp-extension">
    <StylePolicyAction name="ext-post-error" xmlns:dp="http://www.datapower.com/schemas/management" xmlns:env="http://www.w3.org/2003/05/soap-envelope">
      <mAdminState>enabled</mAdminState>
      <Type>xform</Type>
      <Input>NULL</Input>
      <Transform>local:///ext/ext-post-error.xsl</Transform>
      <InputLanguage>json</InputLanguage>
      <TransformLanguage>xquery</TransformLanguage>
      <TxMode>default</TxMode>
      <Output>NULL</Output>
      <NamedInOutLocationType>default</NamedInOutLocationType>
      <OutputType>default</OutputType>
      <Transactional>off</Transactional>
      <SOAPValidation>body</SOAPValidation>
      <SQLSourceType>static</SQLSourceType>
      <Asynchronous>off</Asynchronous>
      <ResultsMode>first-available</ResultsMode>
      <RetryCount>0</RetryCount>
      <RetryInterval>1000</RetryInterval>
      <MultipleOutputs>off</MultipleOutputs>
      <IteratorType>XPATH</IteratorType>
      <Timeout>0</Timeout>
      <MethodRewriteType>GET</MethodRewriteType>
      <MethodType>POST</MethodType>
      <MethodType2>POST</MethodType2>
    </StylePolicyAction>
    <StylePolicyRule name="ext-post-error" xmlns:dp="http://www.datapower.com/schemas/management" xmlns:env="http://www.w3.org/2003/05/soap-envelope">
      <mAdminState>enabled</mAdminState>
      <Direction>rule</Direction>
      <InputFormat>none</InputFormat>
      <OutputFormat>none</OutputFormat>
      <NonXMLProcessing>on</NonXMLProcessing>
      <Unprocessed>off</Unprocessed>
      <Actions class="StylePolicyAction">ext-post-error</Actions>
    </StylePolicyRule>
    <StylePolicyAction name="ext-post-request" xmlns:dp="http://www.datapower.com/schemas/management" xmlns:env="http://www.w3.org/2003/05/soap-envelope">
      <mAdminState>enabled</mAdminState>
      <Type>xform</Type>
      <Input>NULL</Input>
      <Transform>local:///ext/ext-post-request.xsl</Transform>
      <InputLanguage>json</InputLanguage>
      <TransformLanguage>xquery</TransformLanguage>
      <TxMode>default</TxMode>
      <Output>NULL</Output>
      <NamedInOutLocationType>default</NamedInOutLocationType>
      <OutputType>default</OutputType>
      <Transactional>off</Transactional>
      <SOAPValidation>body</SOAPValidation>
      <SQLSourceType>static</SQLSourceType>
      <Asynchronous>off</Asynchronous>
      <ResultsMode>first-available</ResultsMode>
      <RetryCount>0</RetryCount>
      <RetryInterval>1000</RetryInterval>
      <MultipleOutputs>off</MultipleOutputs>
      <IteratorType>XPATH</IteratorType>
      <Timeout>0</Timeout>
      <MethodRewriteType>GET</MethodRewriteType>
      <MethodType>POST</MethodType>
      <MethodType2>POST</MethodType2>
    </StylePolicyAction>
    <StylePolicyRule name="ext-post-request" xmlns:dp="http://www.datapower.com/schemas/management" xmlns:env="http://www.w3.org/2003/05/soap-envelope">
      <mAdminState>enabled</mAdminState>
      <Direction>rule</Direction>
      <InputFormat>none</InputFormat>
      <OutputFormat>none</OutputFormat>
      <NonXMLProcessing>on</NonXMLProcessing>
      <Unprocessed>off</Unprocessed>
      <Actions class="StylePolicyAction">ext-post-request</Actions>
    </StylePolicyRule>
    <StylePolicyAction name="ext-post-response" xmlns:dp="http://www.datapower.com/schemas/management" xmlns:env="http://www.w3.org/2003/05/soap-envelope">
      <mAdminState>enabled</mAdminState>
      <Type>xform</Type>
      <Input>NULL</Input>
      <Transform>local:///ext/ext-post-response.xsl</Transform>
      <InputLanguage>json</InputLanguage>
      <TransformLanguage>xquery</TransformLanguage>
      <TxMode>default</TxMode>
      <Output>NULL</Output>
      <NamedInOutLocationType>default</NamedInOutLocationType>
      <OutputType>default</OutputType>
      <Transactional>off</Transactional>
      <SOAPValidation>body</SOAPValidation>
      <SQLSourceType>static</SQLSourceType>
      <Asynchronous>off</Asynchronous>
      <ResultsMode>first-available</ResultsMode>
      <RetryCount>0</RetryCount>
      <RetryInterval>1000</RetryInterval>
      <MultipleOutputs>off</MultipleOutputs>
      <IteratorType>XPATH</IteratorType>
      <Timeout>0</Timeout>
      <MethodRewriteType>GET</MethodRewriteType>
      <MethodType>POST</MethodType>
      <MethodType2>POST</MethodType2>
    </StylePolicyAction>
    <StylePolicyRule name="ext-post-response" xmlns:dp="http://www.datapower.com/schemas/management" xmlns:env="http://www.w3.org/2003/05/soap-envelope">
      <mAdminState>enabled</mAdminState>
      <Direction>rule</Direction>
      <InputFormat>none</InputFormat>
      <OutputFormat>none</OutputFormat>
      <NonXMLProcessing>on</NonXMLProcessing>
      <Unprocessed>off</Unprocessed>
      <Actions class="StylePolicyAction">ext-post-response</Actions>
    </StylePolicyRule>
    <StylePolicyAction name="ext-pre-request" xmlns:dp="http://www.datapower.com/schemas/management" xmlns:env="http://www.w3.org/2003/05/soap-envelope">
      <mAdminState>enabled</mAdminState>
      <Type>xform</Type>
      <Input>NULL</Input>
      <Transform>local:///ext/ext-pre-request.xsl</Transform>
      <InputLanguage>json</InputLanguage>
      <TransformLanguage>xquery</TransformLanguage>
      <TxMode>default</TxMode>
      <Output>NULL</Output>
      <NamedInOutLocationType>default</NamedInOutLocationType>
      <OutputType>default</OutputType>
      <Transactional>off</Transactional>
      <SOAPValidation>body</SOAPValidation>
      <SQLSourceType>static</SQLSourceType>
      <Asynchronous>off</Asynchronous>
      <ResultsMode>first-available</ResultsMode>
      <RetryCount>0</RetryCount>
      <RetryInterval>1000</RetryInterval>
      <MultipleOutputs>off</MultipleOutputs>
      <IteratorType>XPATH</IteratorType>
      <Timeout>0</Timeout>
      <MethodRewriteType>GET</MethodRewriteType>
      <MethodType>POST</MethodType>
      <MethodType2>POST</MethodType2>
    </StylePolicyAction>
    <StylePolicyRule name="ext-pre-request" xmlns:dp="http://www.datapower.com/schemas/management" xmlns:env="http://www.w3.org/2003/05/soap-envelope">
      <mAdminState>enabled</mAdminState>
      <Direction>rule</Direction>
      <InputFormat>none</InputFormat>
      <OutputFormat>none</OutputFormat>
      <NonXMLProcessing>on</NonXMLProcessing>
      <Unprocessed>off</Unprocessed>
      <Actions class="StylePolicyAction">ext-pre-request</Actions>
    </StylePolicyRule>
  </configuration>
  <files>
    <file hash="QCORuUH2L6WfJuXx3Y67IhH6zmY=" location="local" name="local:///ext/ext-pre-request.xsl" src="local/ext/ext-pre-request.xsl"/>
    <file hash="LHtMXK+gRuhAF+LmUhBOK17P73c=" location="local" name="local:///ext/ext-post-response.xsl" src="local/ext/ext-post-response.xsl"/>
    <file hash="pxuPJim0RiclYvuNNKFI2VExrxY=" location="local" name="local:///ext/ext-post-request.xsl" src="local/ext/ext-post-request.xsl"/>
    <file hash="dLrNlBk+tXZ3oViUTvq/FtMGIe0=" location="local" name="local:///ext/extensions.xml" src="local/ext/extensions.xml"/>
    <file hash="EqD6xBpLtAUXqQ4VmAOU9fdXhfY=" location="local" name="local:///ext/ext-post-error.xsl" src="local/ext/ext-post-error.xsl"/>
    <file hash="M+jOR763doOHA4DKDRrgzEUIWzY=" internal="true" location="dp-aux" name="webgui:///clixform.xsl" src="dp-aux/clixform.xsl"/>
    <file hash="8fmsXUfiaQKycD1E2HoNtTPk95c=" internal="true" location="dp-aux" name="webgui:///SchemaUtil.xsl" src="dp-aux/SchemaUtil.xsl"/>
    <file hash="EOeJnfXfGxgKVTgNTGthBkYOdf4=" internal="true" location="dp-aux" name="webgui:///management.xsl" src="dp-aux/management.xsl"/>
    <file hash="IEZVhvGN+AlSI1ERT6daILfIUb0=" internal="true" location="dp-aux" name="webgui:///map-dmz.xsl" src="dp-aux/map-dmz.xsl"/>
    <file hash="uNFHBVWwvRhKAsSwUpLYdxvj2Jc=" internal="true" location="dp-aux" name="webgui:///drMgmt.xml" src="dp-aux/drMgmt.xml"/>
    <file hash="GQOjnw+cg9X3EfMOnJPhReELVss=" internal="true" location="dp-aux" name="webgui:///basetypes.xml" src="dp-aux/basetypes.xml"/>
  </files>
</datapower-configuration>

