<datapower-configuration version="3">
  <export-details>
    <description>Exported Configuration</description>
    <user>admin</user>
    <domain>doesnotmatter</domain>
    <comment />
    <product-id>5725</product-id>
    <product>XG45</product>
    <display-product>XG45</display-product>
    <model>DataPower XG45</model>
    <display-model>DataPower XG45</display-model>
    <device-name>172.16.183.129:5550</device-name>
    <serial-number>0000000</serial-number>
    <firmware-version>XG45.6.0.0.0</firmware-version>
    <display-firmware-version>XG45.6.0.0.0</display-firmware-version>
    <firmware-build>main.229503</firmware-build>
    <firmware-timestamp>2013/05/03 10:25:48</firmware-timestamp>
    <current-date>2013-05-24</current-date>
    <current-time>05:19:15 EDT</current-time>
    <reset-date>2013-05-22</reset-date>
    <reset-time>11:15:54 EDT</reset-time>
    <login-message />
    <custom-ui-file />
  </export-details>
  <interface-data>
    <interface name="eth0" ip-addr="172.16.183.129" />
  </interface-data>
  <configuration domain="doesnotmatter">
    <StylePolicyAction name="ext-pre-request-1" xmlns:env="http://www.w3.org/2003/05/soap-envelope" xmlns:dp="http://www.datapower.com/schemas/management">
      <mAdminState>enabled</mAdminState>
      <Type>xform</Type>
      <Input>NULL</Input>
      <Transform>local:///ext/ext-pre-request1.xsl</Transform>
      <InputLanguage>json</InputLanguage>
      <TransformLanguage>xquery</TransformLanguage>
      <TxMode>default</TxMode>
      <Output>NULL</Output>
      <NamedInOutLocationType>default</NamedInOutLocationType>
      <OutputType>default</OutputType>
      <Transactional>off</Transactional>
      <SOAPValidation>body</SOAPValidation>
      <SQLSourceType>static</SQLSourceType>
      <Asynchronous>off</Asynchronous>
      <ResultsMode>first-available</ResultsMode>
      <RetryCount>0</RetryCount>
      <RetryInterval>1000</RetryInterval>
      <MultipleOutputs>off</MultipleOutputs>
      <IteratorType>XPATH</IteratorType>
      <Timeout>0</Timeout>
      <MethodRewriteType>GET</MethodRewriteType>
      <MethodType>POST</MethodType>
      <MethodType2>POST</MethodType2>
    </StylePolicyAction>
    <StylePolicyRule name="ext-prerequest" xmlns:env="http://www.w3.org/2003/05/soap-envelope" xmlns:dp="http://www.datapower.com/schemas/management">
      <mAdminState>enabled</mAdminState>
      <Direction>rule</Direction>
      <InputFormat>none</InputFormat>
      <OutputFormat>none</OutputFormat>
      <NonXMLProcessing>on</NonXMLProcessing>
      <Unprocessed>off</Unprocessed>
      <Actions class="StylePolicyAction">ext-pre-request-1</Actions>
    </StylePolicyRule>
  </configuration>
  <files>
    <file name="local:///ext/ext-pre-request1.xsl" src="local/ext/ext-pre-request1.xsl" location="local" hash="Y0u1/kle7ipMiYCVrqpPeEYqLgU=" />
    <file name="local:///ext/extensions.xml" src="local/ext/extensions.xml" location="local" hash="OZ8ddk4qq8eNLnJyVyvvGPlGs54=" />
    <file name="webgui:///clixform.xsl" src="dp-aux/clixform.xsl" location="dp-aux" internal="true" hash="RJ/I3Nz8/BG1SOMVPt40Mp7gH6E=" />
    <file name="webgui:///SchemaUtil.xsl" src="dp-aux/SchemaUtil.xsl" location="dp-aux" internal="true" hash="0tkdjanX4f3Zle8jNTrgNs+lWu0=" />
    <file name="webgui:///management.xsl" src="dp-aux/management.xsl" location="dp-aux" internal="true" hash="+Ew49hOqS776HMWjBuzmaGBUaac=" />
    <file name="webgui:///map-dmz.xsl" src="dp-aux/map-dmz.xsl" location="dp-aux" internal="true" hash="IEZVhvGN+AlSI1ERT6daILfIUb0=" />
    <file name="webgui:///drMgmt.xml" src="dp-aux/drMgmt.xml" location="dp-aux" internal="true" hash="N3WJW773vHFnEwKc7F05OErWY/I=" />
    <file name="webgui:///basetypes.xml" src="dp-aux/basetypes.xml" location="dp-aux" internal="true" hash="4qGT78qgVxjar7jIZrGbHxqL4G8=" />
  </files>
</datapower-configuration>
